input,lon,lat,status,distance_to_nature_m
"Mørkhøjvej 237E, 2860 Søborg",12.47222174,55.72755089,success,2150.05781021986
"Klostervej 28E, 2. mf, 5000 Odense C",10.38081013,55.39883538,success,13228.32552508284
"Tårupvej 22, 8963 Auning",10.38102625,56.43717777,success,55946.118322941315
"Fynsvej 50, 4000 Roskilde",12.09919533,55.66042239,success,4242.6613706389535
"Bredengen 32, 4000 Roskilde",12.01706019,55.63941616,success,9577.016077817456
"Vangede Bygade 122, 2820 Gentofte",12.51952229,55.74784036,success,674.0248613854412
"Rønnevej 16, 7323 Give",9.24710155,55.84290738,success,57529.536872163284
"Sdr. Strandvej 66, 3770 Allinge",14.84729014,55.24538797,success,155342.64274608655
"Skovbakkevej 35B, 8220 Brabrand",10.10893558,56.1578658,success,67370.537024979
"Ved Stormklokken 5, 6100 Haderslev",9.48439559,55.25229886,success,25269.858390639143
"Kromarken 16, 3480 Fredensborg",12.35124966,55.97782167,success,7994.77099892717
"Grundvej 3, 4591 Føllenslev",11.34859214,55.75612171,success,52159.69060377842
"Enighedsvej 2, 1. tv, 2920 Charlottenlund",12.57075399,55.7518628,success,2281.110671514648
"Lille Havdrupvej 4, 4622 Havdrup",12.15645353,55.5475453,success,7801.1187071188315
"Lyngvej 5, 3220 Tisvildeleje",12.10388822,56.04775118,success,10805.778766723424
"Nørholmvej 6, 7361 Ejstrupholm",9.30486077,55.98330898,success,48482.64485938373
"Følfodvej 8, 4840 Nørre Alslev",11.87122586,54.89117659,success,71367.22103292293
"Seggelund Hovedvej 34, 6070 Christiansfeld",9.49006188,55.33484504,success,24019.291905563885
"Snehøjvej 10, 9500 Hobro",9.77307873,56.64255844,success,15016.171970198722
"Stenløsevej 99, 5260 Odense S",10.38288774,55.35865418,success,13090.62860086505
"Horsensvej 18, 2. mf, 3000 Helsingør",12.5933315,56.0216861,success,23622.293394938763
"Dalene 18, 5450 Otterup",10.32031378,55.56678674,success,18838.91486028276
"Bremensgade 32, st. tv, 2300 København S",12.61695034,55.66469827,success,10332.358526459833
"Jernvedvej 42, 6771 Gredstedbro",8.76189463,55.40724113,success,23680.76811865966
"Søndervænget 52, 7790 Thyholm",8.53051449,56.6458271,success,12377.52998813089
"Bøgebakken 34, 8870 Langå",9.9489231,56.43756183,success,36521.41294622296
"Katrinevej 54, 7800 Skive",9.00154782,56.5854727,success,16821.676690758
"Bakkevej 1A, 7840 Højslev",9.09860206,56.55271554,success,14459.632029303464
"Hummervej 10, 8400 Ebeltoft",10.65119315,56.23058186,success,84357.95347784412
"Torpet 84, 4300 Holbæk",11.6734584,55.70293661,success,31095.311668884653
"Hf. Brønshøjholm 42, 2700 Brønshøj",12.5022326,55.70891792,success,3829.3216233317867
"Borgergade 21, 1. tv, 6700 Esbjerg",8.45518746,55.46512802,success,44011.7249754322
"Kenny Drews Vej 27, 3. th, 2450 København SV",12.54953012,55.64633692,success,10354.58107322141
"Frimestervej 2, 1. th, 2400 København NV",12.53707625,55.70653701,success,4266.447879098307
"Rørvigvej 108, 4500 Nykøbing Sj",11.68021911,55.93541227,success,34204.53683929416
"Munkeparken 91, 6240 Løgumkloster",8.93981655,55.05060164,success,31952.25953883427
"Strandengen 9, 3630 Jægerspris",11.95170638,55.92912794,success,17753.29357608942
"Højvangen 15, 8700 Horsens",9.85998075,55.83888573,success,47077.41013102266
"Husmandsvej 4, 2630 Taastrup",12.29074872,55.63937444,success,5936.660474831584
"Johan Kellers Vej 42, 1. tv, 2450 København SV",12.53577148,55.65517904,success,9043.33823669838
"Skolesvinget 45, 8240 Risskov",10.22547839,56.19688528,success,67970.15772385032
"Maj Alle 22, 2860 Søborg",12.46678155,55.72732794,success,1853.21887499784
"Hummervej 1, 7700 Thisted",8.38103917,56.95438631,success,22059.08994114818
"Bygaden 18C, 4490 Jerslev Sjælland",11.24040424,55.61070611,success,48616.26821150058
"Cumberlandsgade 8, 2. tv, 2300 København S",12.61548575,55.66741675,success,10024.652135838927
"Teglværksvej 20, 8420 Knebel",10.36239329,56.19432825,success,73766.3660347227
"Degnevænget 1, 5270 Odense N",10.33917785,55.42864446,success,14022.460332333767
"Højvangen 24, 9800 Hjørring",9.98889583,57.46602885,success,42844.064822501154
"Grønbækvej 59, 8600 Silkeborg",9.62104517,56.24674551,success,43566.309520559465
"Elstarvej 19, 1. mf, 2500 Valby",12.50334912,55.65616657,success,7788.358697858385
"Assensvej 77, 5771 Stenstrup",10.52347206,55.11665899,success,29350.26907963105
"Ellebæk Parkvej 27, 8520 Lystrup",10.22040841,56.23342066,success,64634.537246115855
"Gasværksgade 25, 6700 Esbjerg",8.46161197,55.46377695,success,43687.292963486245
"Lindevænget 7, 4873 Væggerløse",11.96083607,54.68294643,success,79496.3056472306
"Lundevej 36, 2. 2, 4400 Kalundborg",11.07340503,55.68211999,success,45558.780530728916
"Skodborghusvej 15, 6600 Vejen",9.13698403,55.44375559,success,12573.040753413537
"Borgergade 19, 2, 8700 Horsens",9.85498624,55.8615064,success,49550.118619684334
"Ejlesøvej 15, 4000 Roskilde",12.14634079,55.73829814,success,7632.257213261072
"Bygaden 76, 4983 Dannemare",11.19861396,54.76027017,success,29969.221967640005
"Tingodden 119, 6960 Hvide Sande",8.1418011,55.95801061,success,15323.952294355147
"Degneløkken 57, 5540 Ullerslev",10.64998499,55.35866777,success,4512.209347056311
"Gråspurvevej 63, st, 2400 København NV",12.52378778,55.70313246,success,4684.40396717872
"Nældebjerg Alle 41, 2670 Greve",12.27825304,55.58314651,success,7996.205791978123
"Slusevej 105, 2300 København S",12.58527678,55.62873685,success,13312.81629901762
"Kvarmløsevej 5, st, 4340 Tølløse",11.77203994,55.61324384,success,24707.666243798372
"Rasmus Rasks Vej 16, 2. tv, 2500 Valby",12.51741294,55.66264297,success,7671.088962118895
"Thorsensvej 5, 6740 Bramming",8.70244916,55.46223991,success,29687.54505277404
"Spurvevej 12, 4690 Haslev",12.05510951,55.31646111,success,34217.33447791643
"Svanemosevej 10, 9490 Pandrup",9.63545777,57.19143,success,23718.733411868092
"Bækken 23, 3700 Rønne",14.70159181,55.09553345,success,154813.56905336207
"Tybjergvej 20, 2720 Vanløse",12.47485698,55.69288225,success,3370.252849212474
"Lundevej 95, 1. th, 4400 Kalundborg",11.07215969,55.68143514,success,45449.66318696724
"Drostrupgårdvej 12, 6600 Vejen",9.13944795,55.52140431,success,21183.916157493357
"Gaabensevej 250, 4800 Nykøbing F",11.8705618,54.81207648,success,71420.59881845496
"Nejedevej 17, 3400 Hillerød",12.21022749,55.95115928,success,2985.667063564332
"Knudsvej 19, 3700 Rønne",14.70270361,55.10433707,success,154371.8540776769
"Lollandsgade 41, 1, 8000 Aarhus C",10.20144376,56.16056838,success,70297.43877977904
"Hasselbakken 101, 8500 Grenaa",10.85728247,56.42036545,success,78629.7087618017
"Strandvej 32, st. th, 4220 Korsør",11.13121891,55.33684607,success,34774.20918171882
"Krokusvej 14, 4683 Rønnede",12.03636591,55.25419587,success,41248.288713405
"Fyrtårnsvej 18, 6320 Egernsund",9.62040128,54.90565733,success,14420.878818492645
"Lærkevej 18, 4560 Vig",11.5415508,55.87982092,success,43934.7099271972
"Søglimt 19, 6340 Kruså",9.39644497,54.8505319,success,11503.866392902151
"Johannes Hansens Vej 6. mf, 9830 Tårs",10.10983212,57.38598037,success,34905.22770028054
"Birkevej 4, 7330 Brande",9.13369326,55.94509888,success,47067.23307681068
"Mådevej 13, 6700 Esbjerg",8.48324097,55.46242232,success,42348.51277634473
"Gammel Skovvej 2B, 3060 Espergærde",12.55149694,55.99472969,success,20586.11461949725
"Drachmannsvej 37, 9990 Skagen",10.56570132,57.72205348,success,79719.24631992776
"Parcelvej 53, 2840 Holte",12.45307965,55.8000401,success,1851.0138014128186
"Golfsvinget 120, 9640 Farsø",9.38439661,56.87153402,success,23893.440032144506
"Grønnehavevej 13A, 1. tv, 3000 Helsingør",12.61029878,56.04012631,success,24471.311663831926
"Lyøvej 11, 3450 Allerød",12.34186963,55.85513731,success,9837.063612608965
"Stenkisten 6, 7100 Vejle",9.5615464,55.68557671,success,44260.94930183057
"Buddingevej 190, 1. 101, 2860 Søborg",12.49475155,55.75290198,success,354.3736360781424
"Eranthisvej 19, 6710 Esbjerg V",8.42890798,55.49471128,success,40445.570894978686
"Månestien 1, 2670 Greve",12.30875404,55.58640923,success,9505.004374316844
"Middelbanke 8, 9990 Skagen",10.54885555,57.72901094,success,79968.98900782397
"Dyrupgårdvænget 92, 5250 Odense SV",10.35399324,55.35476271,success,14970.026667126604
"Nordstensvej 2, 1. 1, 3400 Hillerød",12.30006312,55.92888427,success,7196.04548124393
"Skovtoften 58, 4800 Nykøbing F",11.84478523,54.76798053,success,70300.9337682111
"Kastetvej 15A, 3. 2, 9000 Aalborg",9.90940124,57.05242799,success,4521.32183963455
"Samsøvej 25, 4000 Roskilde",12.09401511,55.61577132,success,4418.8490369461315
"Skov-Torupvej 2, 4683 Rønnede",12.03647546,55.2594089,success,40677.826640061605
"Silkeborgvej 189, 8700 Horsens",9.76840962,55.89464879,success,54980.32298128599
"Tømrervej 8, 7130 Juelsminde",9.95641885,55.81350718,success,42590.29974585142
"Skolesvinget 20, 7400 Herning",8.89148881,56.12919648,success,23279.595400600352
"Grønningen 19, 1. th, 7200 Grindsted",8.9133679,55.76452411,success,39538.16610110699
"Metavang 33, 2670 Greve",12.29819061,55.58308517,success,9078.800809913648
"Hovedgaden 83, 6360 Tinglev",9.24432351,54.93367562,success,10891.751213561904
"Marbækvej 8, 2. 3, 2750 Ballerup",12.37495473,55.71959296,success,3244.340575559994
"P Dovns Slippe 1, 6760 Ribe",8.76316122,55.32819613,success,22077.158057165616
"Højbovej 1, 9240 Nibe",9.68598702,56.90862659,success,11500.437455654677
"Vesterlundvej 7, st. tv, 8600 Silkeborg",9.55936639,56.12948381,success,48355.787294056354
"Præsthøjvej 6, 3300 Frederiksværk",12.03233797,55.9466335,success,12365.5814022731
"Anders Billes Vej 21, 7000 Fredericia",9.74573762,55.56755022,success,27236.469064856276
"Høje Støvring 115, 9530 Støvring",9.83362748,56.86461789,success,3720.8316351910066
"Vollerup Vang 12, 4400 Kalundborg",11.06321574,55.73148937,success,49356.80898501754
"Lønstrupvej 96, 2720 Vanløse",12.47670792,55.68364666,success,4299.154041901728
"Klitheden Nord 3B, 9492 Blokhus",9.62253795,57.24543393,success,27959.155494403894
"Skovhøjen 19, 8800 Viborg",9.42075054,56.42321591,success,25839.43544714958
"Vorupørvej 67, 7700 Thisted",8.5342631,56.93433999,success,14233.5430249644
"Holbækvej 14, st. tv, 4000 Roskilde",12.0689919,55.63438974,success,6278.220944742129
"Jonstrupvej 276, 3500 Værløse",12.33852212,55.75833537,success,4224.199060147469
"Byvangen 20, 3550 Slangerup",12.16803239,55.85152836,success,14388.101100413614
"Carl Plougs Vej 92, 6000 Kolding",9.46316051,55.47484115,success,27383.459555044537
"Gærdesmuttevej 5, 3450 Allerød",12.34759943,55.86410244,success,10529.425254972522
"Serinedalen 41, 8340 Malling",10.1852391,56.02694565,success,65236.44834735862
"Hessensgade 41, st. th, 2300 København S",12.61674355,55.66399895,success,10393.208224015765
"Valnøddevej 36, 3630 Jægerspris",11.99316637,55.85112309,success,20067.207297194454
"Sjællandsgade 14, 2. th, 4100 Ringsted",11.78839711,55.44079146,success,30820.86518540388
"Ahornvej 49, 4220 Korsør",11.17966332,55.36393927,success,37549.74262971623
"Kongevejen 296, 3490 Kvistgård",12.50827109,55.99357073,success,17888.279424397988
"Hvidovrevej 275, 1. 14, 2650 Hvidovre",12.48014887,55.63755702,success,9177.300773660003
"Ellegårdsvej 13, 4684 Holmegaard",11.80072831,55.27432267,success,44592.66089025249
"Fridlevs Vænge 36, 4330 Hvalsø",11.8774353,55.59276221,success,18275.626342931435
"Tørholmsvej 106, 9800 Hjørring",9.99425185,57.46804178,success,43076.23979238341
"Hans Jørgensvej 21, 6840 Oksbøl",8.27875989,55.62064688,success,25641.547787829135
"Klintegårdsvej 74, 4736 Karrebæksminde",11.67030835,55.1639563,success,59402.65838684935
"Søvej 49B, 2791 Dragør",12.61916925,55.56781094,success,19998.746958961954
"Mølleparken 4, 7500 Holstebro",8.6163177,56.34741836,success,10478.621075075038
"Strandvænget 52, 8300 Odder",10.24664795,55.98209403,success,60645.41248039677
"Broengen 6, 3630 Jægerspris",11.94122793,55.81160937,success,21059.966662632956
"Hejmdalsvej 11, 8920 Randers NV",10.01406972,56.47387065,success,36852.58152007166
"Drewsensvej 70, st. 9, 8600 Silkeborg",9.54125983,56.16449552,success,44859.952951179665
"Nordsø Ferievej 64, 6950 Ringkøbing",8.11135015,56.06747704,success,26662.6346344352
"Skovbrynet 24, 4671 Strøby",12.3211518,55.39598413,success,26581.240191239045
"Kirkevænget 76, 8310 Tranbjerg J",10.1297336,56.08346679,success,71397.00185159044
"Vestergade 12, 6900 Skjern",8.641939,55.95938801,success,24440.860202669588
"A N Hansens Alle 23, 2900 Hellerup",12.57961577,55.7363418,success,3006.7445858365763
"Karsholtevej 44B, 4293 Dianalund",11.48157933,55.53298839,success,44064.21825331319
"Fægangsvej 33, 8585 Glesborg",10.71476178,56.5287796,success,64596.523276192194
"Fasanvej 62, 8800 Viborg",9.38054512,56.44811314,success,23375.76207164182
"Munkedammen 21A, 4320 Lejre",11.9700884,55.59302513,success,12527.074547114944
"Kokkesmøgen 3, 8420 Knebel",10.39981137,56.19845868,success,75056.4650951715
"Glentevej 3, 8500 Grenaa",10.87716736,56.40973458,success,80318.6363221403
"Skærsommervej 3, 8210 Aarhus V",10.1658878,56.17509684,success,67702.82413370324
"Christiansgade 17, 2. tv, 5000 Odense C",10.3995556,55.39693294,success,12022.270893494117
"Lyøvej 28, 4. tv, 2000 Frederiksberg",12.52592502,55.68204462,success,6519.3557510018345
"Nordre Strandvej 527, 3100 Hornbæk",12.42056172,56.09348081,success,11342.236288158194
"Skovløkkevej 1A, st, 6000 Kolding",9.46352347,55.4923504,success,28575.0283736391
"Bodalsvej 13, 8680 Ry",9.75938136,56.09144007,success,60444.35973545532
"Fåborggade 8, 1. th, 8000 Aarhus C",10.20339463,56.14371961,success,71900.28354968966
"Solhøjen 3, 8920 Randers NV",9.907173,56.48970203,success,30642.041977745983
"Skærvetoften 2, 8723 Løsning",9.70095539,55.81227784,success,48862.67188695783
"Veddevej 3C, 4190 Munke Bjergby",11.54658204,55.49972555,success,41111.875509431906
"Hedegårdsvej 7, 4000 Roskilde",12.09982088,55.64058732,success,4794.251869957935
"Fredensvej 7A, 3250 Gilleleje",12.26214105,56.12218995,success,1036.0296683495608
"Hjerting Strandvej 28C, 6710 Esbjerg V",8.35678574,55.52184904,success,36783.28855092259
"Haderslevvej 83, 1, 6000 Kolding",9.46848914,55.48089708,success,28050.783412397584
"Englandsvej 31, 4500 Nykøbing Sj",11.70748628,55.85796622,success,34839.17878021533
"Høevej 11, 6740 Bramming",8.72591155,55.47583576,success,29201.258123980067
"Odshøjvej 84, 8800 Viborg",9.45279863,56.46140838,success,24017.80625823355
"Hanevænget 8, 4400 Kalundborg",11.1150887,55.67082233,success,46486.45252949489
"Ceresbyen 33, 8000 Aarhus C",10.19122418,56.15656481,success,70294.89144101272
"Rypevej 18, 9575 Terndrup",10.06763051,56.81598859,success,15477.12604122621
"Skræntevej 14, 3210 Vejby",12.11537056,56.06446357,success,9704.794968772037
"Hjedsbækvej 265, 9541 Suldrup",9.70582923,56.85419881,success,6987.797068676448
"Henrik Steffens Vej 6, 3. th, 1866 Frederiksberg C",12.53838849,55.67792746,success,7422.26310368423
"Hyrdetasken 38, 8700 Horsens",9.86412793,55.824389,success,45475.326808221165
"Augustvej 7, 2860 Søborg",12.47124635,55.72905322,success,2180.8425114974402
"Himmelbjergvej 142, st, 8600 Silkeborg",9.72194668,56.12625419,success,56207.20782629017
"Sprogøvej 32, 5610 Assens",9.90516093,55.28225075,success,22051.005827996163
"Ceresbyen 46, 4. 1, 8000 Aarhus C",10.19253991,56.15649864,success,70347.77178836668
"Farumvej 101, 3660 Stenløse",12.28285736,55.80501854,success,9168.668415884924
"Alfred Hansens Have 26, 4300 Holbæk",11.73047976,55.71324935,success,27707.228369443852
"Esther Aggebos Gade 40, 3. mf, 8000 Aarhus C",10.22660189,56.16738026,success,70610.01650782213
"Korshøjen 90, 8240 Risskov",10.22121894,56.20172563,success,67384.22712240579
"Holmekrogen 73, 2830 Virum",12.4848407,55.79583385,success,777.6513399186751
"Martinsvej 16, 9000 Aalborg",9.95523043,57.02767855,success,5653.781609243875
"Hjarnøvej 14, 7000 Fredericia",9.78184569,55.58276494,success,26293.25596154543
"Strandtoften 5, 4671 Strøby",12.29255147,55.40178895,success,25347.842830150814
"Skovfyrvej 9, 3730 Nexø",15.06811416,55.00058296,success,180391.92869378297
"Lyndby Gade 27, 4070 Kirke Hyllinge",11.93256029,55.67150671,success,14594.293475076647
"Gludsmindevej 58, 7100 Vejle",9.52135496,55.68731806,success,46398.002882095236
"Jægervænget 5, 6800 Varde",8.46827189,55.63005309,success,26720.71400363943
"Agertoften 26, 9200 Aalborg SV",9.90207615,57.0174559,success,7206.997588419287
"Aage Berntsens Alle 45, 2750 Ballerup",12.37773459,55.73765037,success,1718.291474737176
"Svingelport 9, 1, 3000 Helsingør",12.60848457,56.03114802,success,24759.48866736623
"Engvej 15, 6320 Egernsund",9.62037333,54.90506677,success,14443.818905933744
"Tågelundvej 5, 6040 Egtved",9.24676446,55.62510171,success,33752.435731103964
"Granvænget 17, 8990 Fårup",9.84689038,56.54956062,success,23571.250155732516
"Elverhøjen 1E, 2. tv, 2730 Herlev",12.4479626,55.72129082,success,530.4575330580146
"Gondolvej 10, 4040 Jyllinge",12.10961792,55.74418872,success,8900.349123292659
"Kallerupvej 133, 4400 Kalundborg",11.04491285,55.71991059,success,47634.22171278361
"Slagelsevej 39, 4460 Snertinge",11.38518844,55.69609736,success,49100.981198359696
"Dronningens Tværgade 61, 1, 1302 København K",12.58285993,55.68469995,success,7363.8520349598375
"Nørrevej 25, 4960 Holeby",11.47716367,54.71038055,success,48729.600970181535
"Toftegårdsvej 37, 4550 Asnæs",11.50206403,55.8073135,success,44309.51302166556
"Eskholtvænget 11, 7100 Vejle",9.55058625,55.69300483,success,45312.62626939851
"Nestorvej 15, 9200 Aalborg SV",9.90761843,57.01619673,success,7153.036892630758
"Liljevej 3, 7600 Struer",8.58173239,56.49045927,success,10434.326061601832
"Tordenskjoldsgade 12B, 2. mf, 9900 Frederikshavn",10.53620468,57.4395841,success,52372.879112422845
"Fynsvej 41, 4000 Roskilde",12.09785874,55.66142926,success,4300.061746995471
"Fredensvej 12, 4220 Korsør",11.14870543,55.32403972,success,36094.165993351686
"Vinkelvej 14B, 4295 Stenlille",11.54601987,55.53089886,success,40159.39992030354
"Valmuevangen 14, 9240 Nibe",9.64142765,56.97701149,success,14377.450586517814
"Murskeen 7, 3. 108, 2630 Taastrup",12.2718162,55.65350571,success,4228.958366316278
"Anemonen 505, 2635 Ishøj",12.30405868,55.61992383,success,7871.099319292181
"Mårstien 6, 4500 Nykøbing Sj",11.46307664,55.95305538,success,47515.539889842126
"Gaaseager 89, 2600 Glostrup",12.42569911,55.68115068,success,4163.642666905573
"Engsøparken 27, 7200 Grindsted",8.89554683,55.76105721,success,38556.152927274874
"Lundemarken 70, 4400 Kalundborg",11.069757,55.68239718,success,45426.97770087984
"Guldsmedestien 73, st. mf, 2990 Nivå",12.50686526,55.93760869,success,14782.078531476416
"Sasserod 45, 5462 Morud",10.13150272,55.43780777,success,926.3715092090852
"Havklitvej 121, 6950 Ringkøbing",8.11149104,56.08849209,success,28778.398510332143
"Tyreengen 38, 3. tv, 4220 Korsør",11.16388393,55.32547896,success,37016.18484467292
"Grundtvigsvej 25, 4500 Nykøbing Sj",11.66815607,55.92430206,success,35141.501312539694
"Vigerslevvej 285B, 2. th, 2500 Valby",12.49232641,55.64884594,success,8224.630977349516
"Pæretræsdalen 21, 3700 Rønne",14.70818976,55.10472213,success,154651.70573800284
"Skovbo Alle 42, 2670 Greve",12.26104505,55.5997442,success,6151.514386326719
"A. Nielsens Vej 13, 9670 Løgstør",9.25695011,56.96469667,success,36587.139258619485
"Amager Strandvej 142D, 1. tv, 2300 København S",12.63452949,55.65844457,success,11507.18234560691
"Fuglsevej 21, 4960 Holeby",11.50831105,54.70907248,success,50674.28989754108
"Kålundsvej 18, 9000 Aalborg",9.96977762,57.04408986,success,3782.4546596501386
"Offenbachsvej 73, 7500 Holstebro",8.58308981,56.3774237,success,9427.864207100463
"Valdemarsvej 2, 2960 Rungsted Kyst",12.52111819,55.8860703,success,8979.627912588288
"Tyreengen 52, 3. th, 4220 Korsør",11.16517613,55.3256493,success,37093.92501534426
"Liengård 29, 9640 Farsø",9.21538573,56.68454554,success,19549.999395273662
"Tarrelyk 8, 6200 Aabenraa",9.41594464,55.02432332,success,7771.450490698122
"Lyngbyvej 345A, 1. tv, 2820 Gentofte",12.53408936,55.74165378,success,351.5385118685981
"Skoleparken 75, 7500 Holstebro",8.60802331,56.37238585,success,8616.451738532085
"Konemadevej 42, 4942 Askø",11.49214271,54.8972869,success,47158.00897815409
"Fægangsvej 7, 8585 Glesborg",10.70711843,56.52858868,success,64208.847772308625
"Røsnæsvej 237, 4400 Kalundborg",10.99561426,55.72846253,success,46606.842805675995
"Doktorstien 9, 9990 Skagen",10.52959077,57.72972015,success,79547.01688019227
"Tyttebærvej 21E, 8600 Silkeborg",9.61672033,56.13483201,success,50556.038098200625
"Barsmark Bygade 29, 6200 Aabenraa",9.48069187,55.09044819,success,15769.22403630218
"Marielyst Strandpark 51, 4873 Væggerløse",11.95397307,54.69796382,success,78668.89843915365
"Lyongade 24, 2. tv, 2300 København S",12.60932873,55.66033854,success,10530.80762408371
"Skadevænget 63, 4050 Skibby",11.85792405,55.74522743,success,20992.339374793806
"Valby Tingsted 10, st, 2500 Valby",12.51437935,55.66539067,success,7312.176828349499
"Møllevej 34, 9520 Skørping",9.89432629,56.83876406,success,4852.6566324449295
"Læssøegade 22, 8600 Silkeborg",9.54804193,56.1612602,success,45413.892935589145
"Krik Strandvej 120, 7770 Vestervig",8.25989411,56.77931407,success,24669.009006032786
"Stationsvej 33, 6230 Rødekro",9.33405835,55.1337451,success,20534.188973878245
"Grønhøjvej 42, 8462 Harlev J",10.00121044,56.1473921,success,65166.0443352199
"Jernbanegade 31B, 2. tv, 4690 Haslev",11.96375997,55.32747991,success,34685.47882800998
"Broholms Alle 13C, st. tv, 2920 Charlottenlund",12.58320687,55.76121296,success,3244.7060533994777
"Lergravsvej 54, st. th, 2300 København S",12.62611875,55.66365608,success,10732.260964162975
"Ceresbyen 40, 4. 1, 8000 Aarhus C",10.19186279,56.15646323,success,70326.88692143877
"Rådyrvænget 151, 5800 Nyborg",10.787277,55.34347605,success,13245.428462803628
"Lerbjergstien 6, 3460 Birkerød",12.365866,55.85216004,success,8832.7589792398
"Brovænget 8, 6800 Varde",8.48247754,55.6191253,success,28191.999100159162
"Kalleruphaven 85, 2640 Hedehusene",12.19709137,55.66074357,success,1453.281718897039
"Ranunkelvej 2, 7080 Børkop",9.70918692,55.63768744,success,33689.322057627745
"Torvet 6B, 1. tv, 4690 Haslev",11.96431817,55.32660357,success,34763.52915297322
"Dalumvej 4, 8270 Højbjerg",10.17115418,56.11866792,success,73118.12813534959
"Strandlund 12, 3250 Gilleleje",12.24151755,56.12075125,success,36.800267803749364
"Lodsgården 1A, st. 8, 2791 Dragør",12.65841958,55.59204968,success,18726.331758336284
"Lyngvejen 13, 3720 Aakirkeby",14.97084849,55.00525203,success,174766.95858670358
"Bogholdervej 1A, 6623 Vorbasse",9.10536749,55.68310009,success,39106.215148547184
"Valdemarsgade 49A, 1. th, 1665 København V",12.54925628,55.66847285,success,8554.785496224082
"Klarup Kirkevej 48, 9270 Klarup",10.0518303,57.01052448,success,9091.053165743786
"Carl Jacobsens Vej 14T, 4. th, 2500 Valby",12.51911268,55.65330153,success,8579.102171304192
"Orionvej 1, 9200 Aalborg SV",9.90386015,57.01850682,success,7346.129090623983
"Marienborg Alle 109, 2860 Søborg",12.50184116,55.73684312,success,1718.723810064728
"Hovedvejen 56, 3330 Gørløse",12.1903567,55.87597261,success,11434.208705011852
"Hans Tausens Vej 28, 9800 Hjørring",9.99604005,57.46830256,success,43108.511030533424
"Polarisvej 3, 3210 Vejby",12.13554911,56.07855817,success,7745.58809368716
"Under Elmene 16, 4. th, 2300 København S",12.59873157,55.66518903,success,9755.177661921247
"Engdalsvej 71A, st. tv, 8220 Brabrand",10.12011539,56.15060365,success,68422.91612239124
"Kastanievænget 1, 4681 Herfølge",12.14039773,55.41589686,success,22494.103419959614
"Kindhestegade 9, 1, 4700 Næstved",11.75648553,55.23150168,success,50127.96103228144
"Spånbjergvej 15, 4792 Askeby",12.19885144,54.91008752,success,78790.69973570926
"Storkevænget 54, 4050 Skibby",11.87097993,55.7436637,success,20170.84220835769
"Stagebjergparken 75, 6051 Almind",9.47946537,55.56030499,success,34484.837457390706
"Tjørnevej 10, 7500 Holstebro",8.6497321,56.34441045,success,9847.49576499273
"Tranbjerg Hovedgade 43, 8310 Tranbjerg J",10.13613689,56.09481061,success,72664.51059293986
"Constantiavej 6, 9900 Frederikshavn",10.52825356,57.44899584,success,52867.80383698893
"Hans Povlsensvej 9, 9240 Nibe",9.63607355,56.97448079,success,14652.582517689892
"Ã Strandvej 53, 5631 Ebberup",9.9735731,55.21773428,success,26353.344691762446
"Katholm 317, 3670 Veksø Sjælland",12.23273498,55.75497382,success,6395.023249844402
"Præstholmvej 2, 4070 Kirke Hyllinge",11.84372605,55.68866689,success,20280.71312105136
"Gelballevej 92, 6640 Lunderskov",9.37470222,55.47983375,success,23444.91756302887
"Burmeistersgade 7, 5. th, 1429 København K",12.59819061,55.67537491,success,8720.694676442947
"Tvedvej 164, 5700 Svendborg",10.62352692,55.08213616,success,26917.523056315706
"Godthåbsvej 26, 9230 Svenstrup J",9.8461117,56.97288283,success,2676.4170673680974
"Kværndrup Vænge 34, 5772 Kværndrup",10.56528512,55.16509341,success,23719.373378445765
"Egsmarkgårdvej 15, 8400 Ebeltoft",10.6505521,56.23335008,success,84088.85646232734
"Lysholmparken 39, 4320 Lejre",11.955216,55.56183826,success,14555.069862871436
"Bagsværd Hovedgade 116B, 4. a, 2880 Bagsværd",12.45586094,55.76082895,success,1433.0922661242312
"Skivevej 43, 7830 Vinderup",8.79728118,56.50430715,success,10207.223060706412
"Fagerbo 17, 2640 Hedehusene",12.19408274,55.65884019,success,1192.296638080748
"Mannehøj 82, 6600 Vejen",9.12431591,55.45822576,success,14102.08871298589
"Bøstrupvej 37, 4270 Høng",11.2592831,55.482523,success,44020.12038549972
"Krageholmsvej 15, 4736 Karrebæksminde",11.67087392,55.16568842,success,59219.55755801972
"Rishøjvej 48, 3200 Helsinge",12.18736694,55.99236649,success,2784.7492764019385
"Nørrebystrand 11, 5400 Bogense",10.24122799,55.60268453,success,19481.961052247218
"Nørregade 96, st, 5592 Ejby",9.93958335,55.43483029,success,11078.463664746876
"Alssundvej 2, 6400 Sønderborg",9.76649027,54.91376767,success,23181.609167290877
"Mølleparken 384, 7190 Billund",9.09729777,55.73055081,success,44394.14745667593
"Sandkrogen 32, 2800 Kongens Lyngby",12.47703106,55.76751339,success,807.720352940962
"Pilevej 3, 8660 Skanderborg",9.95209567,56.03989334,success,67360.52204286019
"Høgevej 192, 8560 Kolind",10.55426856,56.32981021,success,71961.01076944369
"Bellisvej 37, 6700 Esbjerg",8.47534774,55.46592144,success,42950.61153599217
"Niels Finsens Alle 88, 2860 Søborg",12.51342789,55.73703003,success,1531.8658300896097
"Salomons Brink 2, 5683 Haarby",10.11744126,55.2144973,success,25148.845672422765
"Mølletoften 4, 6630 Rødding",9.1515794,55.42045602,success,10198.24876998073
"Dalby Alle 16, 9230 Svenstrup J",9.88275918,56.98971972,success,3954.674709019112
"Brogårdsvej 43, 6880 Tarm",8.49782709,55.90533547,success,13673.097698030999
"Margretheholmsvej 70, 3. tv, 1432 København K",12.61554821,55.6864719,success,8272.661698963113
"Byhøjdalen 61, 8380 Trige",10.16107114,56.25568265,success,60371.0771376109
"Vindelevgård 99, 7830 Vinderup",8.78906867,56.47534612,success,7349.6168101792355
"Rødslet 63A, 9430 Vadum",9.85847359,57.12125653,success,8157.581428023509
"Nis Petersens Gård 6, 2. th, 7400 Herning",8.97367644,56.13794862,success,23462.28126457373
"Milanovej 4, 2. th, 2300 København S",12.62327333,55.66113838,success,10876.24900945555
"Gørlev Landevej 16, 4270 Høng",11.26231999,55.50520767,success,44916.545559560545
"Drosselvang 1, 3450 Allerød",12.3594869,55.88349894,success,12220.717700642694
"Haverslevvej 77, 9520 Skørping",9.7498025,56.8200308,success,4037.2734811760242
"Fanøvej 4, 4800 Nykøbing F",11.88699339,54.75344214,success,73232.13494462491
"Langkær Vænge 39, 3500 Værløse",12.37920139,55.78863311,success,2894.7291042360707
"Rengegade 14B, 4660 Store Heddinge",12.38910604,55.30772464,success,37308.526405257224
"Digestien 157L, 4970 Rødby",11.32902063,54.66804104,success,41966.75128797212
"Rødtjørnvej 41, 8471 Sabro",10.04170182,56.2081571,success,60419.58626953331
"Kantorvænget 9, 2. 199, 8240 Risskov",10.205438,56.19972845,success,66951.99232907404
"Willy Brandts Vej 1, st. tv, 2450 København SV",12.56253744,55.65728776,success,9910.218732461984
"Uglevej 13, st. th, 2400 København NV",12.5258658,55.70394367,success,4578.768612374776
"Slugten 14, 9800 Hjørring",9.9789095,57.45184179,success,41255.950961191054
"Falkevej 4, 9480 Løkken",9.72328813,57.38163414,success,36693.9757856699
"Nørregade 3, 1, 9850 Hirtshals",9.95684766,57.59045067,success,56694.875612543714
"Strandby Plads 1, 1. th, 6700 Esbjerg",8.43661831,55.47365826,success,42838.64075824331
"Uglesti 7, 4305 Orø",11.82822594,55.79409232,success,25212.979508177992
"Ribevej 3, 7171 Uldum",9.57263731,55.83108533,success,55238.81377310467
"Græsholmvænget 12, st, 5610 Assens",9.89976118,55.2790206,success,22544.504875229606
"Ligustervej 8, 8600 Silkeborg",9.47853445,56.15120179,success,43121.26570960718
"Parkvej 33, st, 7400 Herning",8.99171514,56.13617352,success,24037.05697088189
"Haslundparken 94, 9310 Vodskov",10.13247739,57.07199874,success,9679.74984987411
"Rønhøjs Ager 14, 8300 Odder",10.1214616,55.97624311,success,59459.42218059459
"Kildehaven 78, 8520 Lystrup",10.22708388,56.23353434,success,64894.96876209989
"Nimbusparken 7, 2. 1, 2000 Frederiksberg",12.51520491,55.68033,success,6121.4111689819165
"Højtoftevej 9, 7100 Vejle",9.57703861,55.79746895,success,52178.779086359275
"Humlebæk Strandvej 94, 3050 Humlebæk",12.53048928,55.9576629,success,16802.568195937823
"Søbakkevej 4, 2. 2, 2640 Hedehusene",12.20735792,55.64423282,success,1252.426277535974
"Fyrrelunden 33, 6840 Oksbøl",8.31092997,55.67104461,success,20013.938005311673
"Himmelev Sognevej 79, 4000 Roskilde",12.10233882,55.65788371,success,4129.146034328549
"Mågevænget 38, 6893 Hemmet",8.26988904,55.83799141,success,2320.0896152344185
"Poppel Alle 18, 2840 Holte",12.47834129,55.8155363,success,2274.987163199879
"Arkonagade 15, 4. tv, 1726 København V",12.55323396,55.66529434,success,8936.9933734515
"Vangeled 6, 3300 Frederiksværk",12.04212162,56.01033059,success,11866.367346561623
"Præstefælledvej 45, 2770 Kastrup",12.60094372,55.6217747,success,14333.839421967874
"Lathyrusvej 13, 8400 Ebeltoft",10.68141643,56.18778744,success,88978.29595688637
"Langdyssegårdsvej 31, 3500 Værløse",12.32048829,55.76235765,success,5441.462971209419
"Grønhøjgade 30, 6600 Vejen",9.13989517,55.46909096,success,15393.76686978634
"Mejlholmgade 83, 5000 Odense C",10.38934059,55.41863695,success,13267.188594561048
"Nordre Jernbanevej 22, 1, 3400 Hillerød",12.30990222,55.92899288,success,7611.5698860190805
"Lendumvej 75, 9900 Frederikshavn",10.4039383,57.43760173,success,47407.897090070175
"Holdgårdsvej 27, 7260 Sønder Omme",8.90132118,55.83573287,success,37593.04964269759
"Banegårdsvej 31, 1, 8660 Skanderborg",9.92742915,56.03956922,success,67582.7663836634
"Brombærhaven 6, 4070 Kirke Hyllinge",11.90021831,55.69930939,success,16930.690403706933
"Hvedevej 4, 4671 Strøby",12.28448375,55.38181859,success,27318.01445921791
"Pileurten 7, 5450 Otterup",10.38713062,55.52276948,success,19193.985116254506
"Plantagevej 7, 4652 Hårlev",12.22456291,55.35183318,success,29822.389148689286
"Flintevænget 19, 2640 Hedehusene",12.19144684,55.64555898,success,359.16165456797665
"Hersomsvej 8, 9610 Nørager",9.63428833,56.7104841,success,7417.648582193117
"Edithsvej 12, 8220 Brabrand",10.13969379,56.15445908,success,68707.48579639543
"Ved Andebakken 8, 4. tv, 2000 Frederiksberg",12.52854628,55.67950713,success,6822.370177517706
"Vinkelvej 25, 7130 Juelsminde",10.05163703,55.81861225,success,42126.749598668444
"Piavænget 17, 5270 Odense N",10.35881254,55.4211695,success,15186.844650721261
"Skolegade 24, 8881 Thorsø",9.78976372,56.30549128,success,43776.3785053447
"Kolby Hovedgade 35A, 8305 Samsø",10.55628303,55.79724175,success,46561.042033280995
"Skolevej 1, st, 4050 Skibby",11.95693464,55.74803483,success,15645.66493831447
"Nærum Hovedgade 17, st. tv, 2850 Nærum",12.53144523,55.81867434,success,1625.3472198424583
"Teglgårdsvej 629, 2. th, 3050 Humlebæk",12.52488282,55.95708915,success,16769.83218662174
"Magnoliavej 15, 8260 Viby J",10.18892953,56.1346675,success,72226.84597209524
"Bakkevænget 5, 8410 Rønde",10.58513709,56.28714255,success,76871.65117937332
"Drosselvej 5, 3000 Helsingør",12.57396162,56.04098781,success,22347.31405129479
"Nellikevej 10, 3390 Hundested",11.88230901,55.94792579,success,21508.55893305186
"Nykøbingvej 39, 4850 Stubbekøbing",12.03599069,54.88507916,success,81903.09479316964
"Hagenstrupvej 42, 8860 Ulstrup",9.74361987,56.38151899,success,34855.751757996426
"Knudshoved 24, 9370 Hals",10.34141813,57.02887586,success,23054.123088965367
"Meldgårdvej 34, 7500 Holstebro",8.63417879,56.3740819,success,7408.137375635675
"Vesterå 7, 1. th, 9000 Aalborg",9.91796916,57.05012528,success,4312.399992838482
"Alleen 20, 4736 Karrebæksminde",11.64861711,55.17797189,success,58830.79299822296
"Egerupvej 10, 4100 Ringsted",11.73024151,55.44789296,success,33272.11101961489
"Lille Færgestræde 7, 4220 Korsør",11.13320441,55.33814058,success,34879.17349360469
"Peder Skrams Gade 1, 1. tv, 9000 Aalborg",9.9035685,57.05537378,success,4613.413678018903
"Hybenvej 16, 4700 Næstved",11.73769205,55.23790945,success,50146.978508492175
"Fittingvej 6, 6623 Vorbasse",9.09894138,55.62451737,success,32594.109728879415
"Gerdasvej 20, 9670 Løgstør",9.21319936,56.84523936,success,27406.010258058734
"Bentzonsvej 50B, 4. th, 2000 Frederiksberg",12.53033867,55.68665964,success,6457.2957720513705
"Klokkerhaven 2B, 2. th, 2750 Ballerup",12.35954728,55.73549099,success,2854.8654755484595
"Valby Langgade 213B, st. tv, 2500 Valby",12.48883577,55.67043037,success,5956.2465094477675
"Horsensvej 14, 1. th, 3000 Helsingør",12.59270469,56.02201557,success,23591.68596138969
"Sigurd Rings Vej 40, 5200 Odense V",10.33774003,55.39682848,success,14740.941103545347
"Lanternevej 20, 3630 Jægerspris",11.90677534,55.92998477,success,20422.883484586062
"Hvedevænget 11, 4270 Høng",11.27924993,55.50930731,success,46074.696172704855
"Assensvej 224D, 5642 Millinge",10.21383003,55.12949558,success,35177.102475327825
"Tvedvangen 165, 2730 Herlev",12.42139633,55.73262565,success,942.6390271111286
"Stadionvej 6, 6880 Tarm",8.59448225,55.87366258,success,18499.947883286546
"Skipperlodden 4, 4736 Karrebæksminde",11.65058316,55.18132385,success,58450.60389424903
"Sønderstrandsvej 9, 4400 Kalundborg",11.10818763,55.65014221,success,44594.26455975724
"Læssøegade 186. 1, 5230 Odense M",10.38344061,55.37473502,success,12874.212244285603
"Mellemgaden 11, 6720 Fanø",8.40481795,55.4470504,success,45415.296824638994
"Nicoline Kochs Plads 11, 6. 2, 8000 Aarhus C",10.22250191,56.16440976,success,70722.4129744735
"Havmøllevej 7, 8400 Ebeltoft",10.77180211,56.24803084,success,87626.21509613554
"Nitivej 20, 5. tv, 2000 Frederiksberg",12.53498887,55.69099669,success,5992.963972155587
"Nørreled 46, 6000 Kolding",9.45846575,55.52206904,success,30515.369704908368
"Lyngvejen 55, 6950 Ringkøbing",8.11631622,56.09274968,success,29092.859592656732
"Vinderuphøjvej 9, 4171 Glumsø",11.73903965,55.36750983,success,38683.99677750972
"Lindevej 17, 4850 Stubbekøbing",12.03676655,54.8879318,success,81627.70431854755
"Humlebækvej 33, 3480 Fredensborg",12.4591864,55.96760658,success,14774.12658908373
"Frederikslundsvej 3A, 2840 Holte",12.46625847,55.81292145,success,2567.0785825864536
"Carl Blochs Gade 59, st. mf, 8000 Aarhus C",10.1924679,56.15374437,success,70596.5780102762
"Ulstrup Vænge 21, 4400 Kalundborg",10.96836777,55.73380561,success,46186.578977458914
"Skovbrynet 37, 4400 Kalundborg",11.0831712,55.68913128,success,46549.188306664415
"Vejlebrovej 97, 2. 61, 2635 Ishøj",12.36651897,55.6189293,success,9764.30503213347
"Skovstjernevej 63, 7620 Lemvig",8.2789762,56.57712318,success,7446.212173277387
"Enghaven 28, 8370 Hadsten",10.05023526,56.34779576,success,48114.1286415321
"Herslev Kirkevej 55, 7000 Fredericia",9.58662097,55.58376669,success,36942.206225467795
"Jegstrupvej 114, 8361 Hasselager",10.10881981,56.09335618,success,72497.04635675874
"Søvang Alle 25, 1. tv, 2770 Kastrup",12.64607344,55.63848256,success,13778.537365901693
"Møllevangen 28, 6800 Varde",8.46606213,55.63250519,success,26415.145776983496
"Snerlevej 3, st. th, 9000 Aalborg",9.90637793,57.0339307,success,6144.8039132751
"Hejrevænget 10, 6893 Hemmet",8.27363767,55.83433064,success,2429.7193323960764
"Krogen 7, 8560 Kolind",10.67279021,56.33639971,success,76237.18812890348
"Brunsegyden 16, 5690 Tommerup",10.23126891,55.34295697,success,13101.458017155946
"Sankelmarksvej 10, 8600 Silkeborg",9.52175518,56.17419864,success,43237.26761545384
"Hessensgade 25, 3. th, 2300 København S",12.61612017,55.66480242,success,10296.097768707099
"Aastrup Alle 101, 6100 Haderslev",9.56070209,55.27500863,success,29205.637400377673
"Solsortevej 44, 7760 Hurup Thy",8.39629465,56.67329624,success,12366.709281080997
"Frimestervej 3, st. th, 2400 København NV",12.53660006,55.7065876,success,4259.570758367622
"Nordostvej 11, 9300 Sæby",10.49561574,57.21428596,success,34881.64367625297
"Revlingbjerg 3, 6400 Sønderborg",9.80015058,54.92038719,success,25180.477306488174
"Toksværd Bygade 57, 4684 Holmegaard",11.88376896,55.24907994,success,44691.298189436064
"Genvej 6, 6950 Ringkøbing",8.11596951,56.08516511,success,28326.925958213218
"Puglundvej 23, 6800 Varde",8.75327357,55.63693949,success,37041.08659348521
"Mejerivej 34A, 4700 Næstved",11.77627779,55.25159968,success,47561.54481604812
"Nis Petersens Vej 21, 7500 Holstebro",8.63076815,56.34918593,success,9856.564784802615
"Tranegårdsvej 9B, 2900 Hellerup",12.57095931,55.73989541,success,2373.553587663121
"Sverrigsvej 3, 4550 Asnæs",11.4988846,55.84405524,success,46040.12927809661
"Præstevænget 10, 6500 Vojens",9.30633876,55.24598626,success,15609.55987407319
"Søndergade 43, 6520 Toftlund",9.06579297,55.18779177,success,16231.40822295443
"Glatved Strandvej 39, 8444 Balle",10.86743046,56.31059545,success,86851.44942262268
"Skovløkken 14, 5580 Nørre Aaby",9.83717488,55.40612909,success,17959.487980657992
"Drost Hessels Vej 6, 8800 Viborg",9.41935383,56.46106109,success,24564.705649675558
"Obstrupengen 16, 8320 Mårslet",10.14455679,56.08351447,success,71417.37964983992
"Balevej 9, 8544 Mørke",10.39488072,56.32475692,success,65618.56499203281
"Store Torvegade 131. 4, 3700 Rønne",14.70325879,55.11043272,success,154057.10263111157
"H.C. Lumbyes Vej 83, 5270 Odense N",10.37484615,55.4624728,success,16344.159742886226
"Rise Bygade 20, 6230 Rødekro",9.33417372,55.05842055,success,12552.70743268463
"Jernbanegade 12, 2, 6933 Kibæk",8.85272004,56.03281787,success,33859.08214218972
"Biltris Gade 23, 4070 Kirke Hyllinge",11.93183003,55.72409268,success,15801.152967021939
"Isfuglen 9, 8940 Randers SV",10.01679456,56.44763817,success,38810.86053276228
